{
  "images" : [
    {
      "filename" : "screenshot-2020-05-01-at-162359.png",
      "idiom" : "universal",
      "scale" : "1x"
    },
    {
      "scale" : "2x",
      "idiom" : "universal",
      "filename" : "screenshot-2020-05-01-at-162359@2x.png"
    },
    {
      "filename" : "screenshot-2020-05-01-at-162359@3x.png",
      "scale" : "3x",
      "idiom" : "universal"
    }
  ],
  "properties" : {
    "template-rendering-intent" : "original"
  },
  "info" : {
    "version" : 1,
    "author" : "xcode"
  }
}