{
  "properties" : {
    "template-rendering-intent" : "original"
  },
  "images" : [
    {
      "filename" : "screenshot-2020-05-02-at-213233.png",
      "scale" : "1x",
      "idiom" : "universal"
    },
    {
      "scale" : "2x",
      "idiom" : "universal",
      "filename" : "screenshot-2020-05-02-at-213233@2x.png"
    },
    {
      "filename" : "screenshot-2020-05-02-at-213233@3x.png",
      "idiom" : "universal",
      "scale" : "3x"
    }
  ],
  "info" : {
    "author" : "xcode",
    "version" : 1
  }
}